label;P;P_set
work netto;-149999999.99999997;True
fuel input;384727563.59593624;False
